Stichtag;Bundesland;Geschlecht;Aufenthaltsrecht nach FreizügG/EU;Vom Erfordernis eines Aufenthaltstitels befreit;Unbefristete Niederlassungserlaubnis;Befristete Aufenthaltserlaubnis;Befristete Aufenthaltserlaubnis, Ausbildung;Befristete Aufenthaltserlaubnis, Erwerbstätigkeit;Befristete AE, völkerrechtl., human., pol. Gründe;Befristete Aufenthaltserlaubnis, familiäre Gründe;Befristete AE, besondere Gründe und nationale Visa;Antrag auf einen Aufenthaltstitel gestellt;Duldung;Aufenthaltsgestattung;Ohne Aufenthaltstitel, Duldung oder Gestattung
31.12.2000;Baden-Württemberg;männlich;-;-;55;100;-;-;-;-;100;-;11;1;25
31.12.2000;Baden-Württemberg;weiblich;3;-;79;135;-;-;-;-;135;-;9;3;27
31.12.2000;Bayern;männlich;1;-;180;96;-;-;-;-;96;5;3;-;17
31.12.2000;Bayern;weiblich;10;-;225;129;-;-;-;-;129;1;6;-;38
31.12.2000;Berlin;männlich;-;-;14;47;-;-;-;-;47;-;-;13;19
31.12.2000;Berlin;weiblich;-;-;18;58;-;-;-;-;58;-;1;5;12
31.12.2000;Brandenburg;männlich;-;-;30;14;-;-;-;-;14;-;-;-;6
31.12.2000;Brandenburg;weiblich;-;-;27;23;-;-;-;-;23;-;-;-;4
31.12.2000;Bremen;männlich;-;-;15;19;-;-;-;-;19;1;-;-;1
31.12.2000;Bremen;weiblich;-;-;31;6;-;-;-;-;6;-;-;-;-
31.12.2000;Hamburg;männlich;-;-;19;35;-;-;-;-;35;-;-;-;13
31.12.2000;Hamburg;weiblich;-;-;22;22;-;-;-;-;22;-;1;-;10
31.12.2000;Hessen;männlich;1;-;140;59;-;-;-;-;59;-;-;-;35
31.12.2000;Hessen;weiblich;4;-;174;101;-;-;-;-;101;-;1;-;32
31.12.2000;Mecklenburg-Vorpommern;männlich;-;-;59;20;-;-;-;-;20;-;-;-;5
31.12.2000;Mecklenburg-Vorpommern;weiblich;1;-;75;21;-;-;-;-;21;-;-;-;7
31.12.2000;Niedersachsen;männlich;1;1;109;48;-;-;-;-;48;-;2;-;7
31.12.2000;Niedersachsen;weiblich;-;-;119;95;-;-;-;-;95;1;1;-;5
31.12.2000;Nordrhein-Westfalen;männlich;-;-;360;176;-;-;-;-;176;2;6;26;37
31.12.2000;Nordrhein-Westfalen;weiblich;5;-;418;206;-;-;-;-;206;-;10;21;44
31.12.2000;Rheinland-Pfalz;männlich;-;-;134;54;-;-;-;-;54;1;2;-;14
31.12.2000;Rheinland-Pfalz;weiblich;1;-;167;58;-;-;-;-;58;-;-;-;20
31.12.2000;Saarland;männlich;-;-;16;15;-;-;-;-;15;-;-;-;14
31.12.2000;Saarland;weiblich;-;-;18;19;-;-;-;-;19;-;-;-;6
31.12.2000;Sachsen;männlich;-;-;54;51;-;-;-;-;51;-;-;-;7
31.12.2000;Sachsen;weiblich;-;-;56;48;-;-;-;-;48;-;-;-;6
31.12.2000;Sachsen-Anhalt;männlich;-;-;34;12;-;-;-;-;12;-;1;-;12
31.12.2000;Sachsen-Anhalt;weiblich;-;-;42;14;-;-;-;-;14;-;1;-;7
31.12.2000;Schleswig-Holstein;männlich;-;-;32;10;-;-;-;-;10;-;-;-;11
31.12.2000;Schleswig-Holstein;weiblich;-;-;25;13;-;-;-;-;13;-;-;-;9
31.12.2000;Thüringen;männlich;-;-;19;21;-;-;-;-;21;-;-;-;1
31.12.2000;Thüringen;weiblich;-;-;20;19;-;-;-;-;19;-;-;-;5
31.12.2001;Baden-Württemberg;männlich;-;-;85;110;-;-;-;-;110;-;11;2;20
31.12.2001;Baden-Württemberg;weiblich;2;-;112;171;-;-;-;-;171;-;12;-;33
31.12.2001;Bayern;männlich;1;-;233;108;-;-;-;-;108;2;3;-;29
31.12.2001;Bayern;weiblich;9;-;299;147;-;-;-;-;147;3;8;1;40
31.12.2001;Berlin;männlich;-;-;20;56;-;-;-;-;56;-;-;9;29
31.12.2001;Berlin;weiblich;1;-;22;65;-;-;-;-;65;-;1;6;11
31.12.2001;Brandenburg;männlich;-;-;36;22;-;-;-;-;22;1;-;-;5
31.12.2001;Brandenburg;weiblich;-;-;36;31;-;-;-;-;31;-;-;-;1
31.12.2001;Bremen;männlich;-;-;22;31;-;-;-;-;31;-;-;-;3
31.12.2001;Bremen;weiblich;-;-;39;10;-;-;-;-;10;-;-;-;-
31.12.2001;Hamburg;männlich;-;1;32;40;-;-;-;-;40;-;-;1;10
31.12.2001;Hamburg;weiblich;1;1;38;24;-;-;-;-;24;-;1;-;6
31.12.2001;Hessen;männlich;1;-;170;71;-;-;-;-;71;2;-;-;31
31.12.2001;Hessen;weiblich;5;-;216;114;-;-;-;-;114;-;1;-;17
31.12.2001;Mecklenburg-Vorpommern;männlich;-;-;67;15;-;-;-;-;15;-;-;-;4
31.12.2001;Mecklenburg-Vorpommern;weiblich;1;-;87;15;-;-;-;-;15;-;-;-;3
31.12.2001;Niedersachsen;männlich;1;-;149;56;-;-;-;-;56;-;2;1;14
31.12.2001;Niedersachsen;weiblich;-;-;170;104;-;-;-;-;104;1;3;-;29
31.12.2001;Nordrhein-Westfalen;männlich;-;-;407;206;-;-;-;-;206;-;10;16;36
31.12.2001;Nordrhein-Westfalen;weiblich;5;-;487;234;-;-;-;-;234;1;17;17;48
31.12.2001;Rheinland-Pfalz;männlich;-;-;155;50;-;-;-;-;50;1;2;-;15
31.12.2001;Rheinland-Pfalz;weiblich;-;-;194;74;-;-;-;-;74;-;1;-;13
31.12.2001;Saarland;männlich;-;-;20;16;-;-;-;-;16;-;-;-;12
31.12.2001;Saarland;weiblich;-;-;27;16;-;-;-;-;16;-;-;-;6
31.12.2001;Sachsen;männlich;-;-;87;55;-;-;-;-;55;-;-;-;3
31.12.2001;Sachsen;weiblich;-;-;98;38;-;-;-;-;38;-;-;-;4
31.12.2001;Sachsen-Anhalt;männlich;-;-;49;8;-;-;-;-;8;-;-;-;13
31.12.2001;Sachsen-Anhalt;weiblich;-;-;55;14;-;-;-;-;14;-;-;-;7
31.12.2001;Schleswig-Holstein;männlich;-;-;51;10;-;-;-;-;10;-;-;-;4
31.12.2001;Schleswig-Holstein;weiblich;-;-;42;17;-;-;-;-;17;-;-;-;4
31.12.2001;Thüringen;männlich;1;-;29;13;-;-;-;-;13;-;-;-;3
31.12.2001;Thüringen;weiblich;-;-;30;30;-;-;-;-;30;-;-;-;1
31.12.2002;Baden-Württemberg;männlich;-;-;127;125;-;-;-;-;125;1;10;-;17
31.12.2002;Baden-Württemberg;weiblich;4;-;169;199;-;-;-;-;199;-;9;-;24
31.12.2002;Bayern;männlich;2;-;291;115;-;-;-;-;115;5;2;-;22
31.12.2002;Bayern;weiblich;12;-;368;169;-;-;-;-;169;4;7;1;33
31.12.2002;Berlin;männlich;-;-;22;61;-;-;-;-;61;-;2;17;28
31.12.2002;Berlin;weiblich;1;-;27;69;-;-;-;-;69;-;1;12;12
31.12.2002;Brandenburg;männlich;-;-;37;25;-;-;-;-;25;1;-;-;6
31.12.2002;Brandenburg;weiblich;-;-;37;32;-;-;-;-;32;-;-;-;2
31.12.2002;Bremen;männlich;-;-;25;34;-;-;-;-;34;2;-;-;3
31.12.2002;Bremen;weiblich;-;-;43;14;-;-;-;-;14;-;-;-;1
31.12.2002;Hamburg;männlich;-;-;49;45;-;-;-;-;45;-;-;-;9
31.12.2002;Hamburg;weiblich;1;-;47;28;-;-;-;-;28;-;-;-;7
31.12.2002;Hessen;männlich;1;-;194;75;-;-;-;-;75;-;-;2;41
31.12.2002;Hessen;weiblich;5;-;245;152;-;-;-;-;152;1;-;1;39
31.12.2002;Mecklenburg-Vorpommern;männlich;-;-;69;12;-;-;-;-;12;-;-;-;8
31.12.2002;Mecklenburg-Vorpommern;weiblich;1;-;87;13;-;-;-;-;13;-;-;-;4
31.12.2002;Niedersachsen;männlich;-;-;176;65;-;-;-;-;65;-;2;4;8
31.12.2002;Niedersachsen;weiblich;-;-;213;103;-;-;-;-;103;3;2;1;25
31.12.2002;Nordrhein-Westfalen;männlich;-;-;500;214;-;-;-;-;214;-;11;26;41
31.12.2002;Nordrhein-Westfalen;weiblich;6;-;592;254;-;-;-;-;254;-;18;20;45
31.12.2002;Rheinland-Pfalz;männlich;-;-;165;49;-;-;-;-;49;2;2;-;13
31.12.2002;Rheinland-Pfalz;weiblich;-;-;209;78;-;-;-;-;78;-;-;-;11
31.12.2002;Saarland;männlich;-;-;24;18;-;-;-;-;18;-;-;-;14
31.12.2002;Saarland;weiblich;-;-;28;17;-;-;-;-;17;-;-;-;11
31.12.2002;Sachsen;männlich;-;-;126;51;-;-;-;-;51;-;-;2;3
31.12.2002;Sachsen;weiblich;-;-;145;41;-;-;-;-;41;1;-;1;4
31.12.2002;Sachsen-Anhalt;männlich;-;-;57;12;-;-;-;-;12;-;-;-;11
31.12.2002;Sachsen-Anhalt;weiblich;-;-;73;12;-;-;-;-;12;-;-;-;4
31.12.2002;Schleswig-Holstein;männlich;-;-;52;15;-;-;-;-;15;-;-;-;4
31.12.2002;Schleswig-Holstein;weiblich;-;-;46;24;-;-;-;-;24;-;-;-;8
31.12.2002;Thüringen;männlich;1;-;33;18;-;-;-;-;18;1;-;-;3
31.12.2002;Thüringen;weiblich;-;-;38;32;-;-;-;-;32;-;-;-;5
31.12.2003;Baden-Württemberg;männlich;-;-;151;135;-;-;-;-;135;-;7;-;19
31.12.2003;Baden-Württemberg;weiblich;7;-;211;223;-;-;-;-;223;-;7;-;23
31.12.2003;Bayern;männlich;2;-;326;119;-;-;-;-;119;2;3;-;20
31.12.2003;Bayern;weiblich;11;-;397;189;-;-;-;-;189;2;7;-;26
31.12.2003;Berlin;männlich;-;1;25;83;-;-;-;-;83;-;3;15;32
31.12.2003;Berlin;weiblich;1;-;40;82;-;-;-;-;82;-;4;11;14
31.12.2003;Brandenburg;männlich;-;-;41;33;-;-;-;-;33;-;-;-;7
31.12.2003;Brandenburg;weiblich;-;-;50;30;-;-;-;-;30;-;-;-;6
31.12.2003;Bremen;männlich;-;-;28;37;-;-;-;-;37;-;1;-;1
31.12.2003;Bremen;weiblich;-;-;44;18;-;-;-;-;18;-;-;-;1
31.12.2003;Hamburg;männlich;-;-;56;48;-;-;-;-;48;-;-;-;11
31.12.2003;Hamburg;weiblich;1;-;57;31;-;-;-;-;31;-;-;-;9
31.12.2003;Hessen;männlich;1;-;216;73;-;-;-;-;73;-;1;2;33
31.12.2003;Hessen;weiblich;5;-;263;167;-;-;-;-;167;-;2;3;27
31.12.2003;Mecklenburg-Vorpommern;männlich;-;-;77;10;-;-;-;-;10;-;-;-;-
31.12.2003;Mecklenburg-Vorpommern;weiblich;1;1;94;17;-;-;-;-;17;-;-;-;2
31.12.2003;Niedersachsen;männlich;-;-;196;72;-;-;-;-;72;-;-;4;14
31.12.2003;Niedersachsen;weiblich;-;-;261;113;-;-;-;-;113;1;-;1;18
31.12.2003;Nordrhein-Westfalen;männlich;-;-;548;230;-;-;-;-;230;1;14;26;42
31.12.2003;Nordrhein-Westfalen;weiblich;8;-;658;282;-;-;-;-;282;2;13;18;49
31.12.2003;Rheinland-Pfalz;männlich;-;-;169;53;-;-;-;-;53;1;-;-;17
31.12.2003;Rheinland-Pfalz;weiblich;-;-;221;92;-;-;-;-;92;-;-;-;3
31.12.2003;Saarland;männlich;-;-;27;25;-;-;-;-;25;-;-;-;11
31.12.2003;Saarland;weiblich;-;-;35;19;-;-;-;-;19;-;1;-;13
31.12.2003;Sachsen;männlich;-;-;150;49;-;-;-;-;49;1;-;2;5
31.12.2003;Sachsen;weiblich;-;-;166;44;-;-;-;-;44;-;-;1;6
31.12.2003;Sachsen-Anhalt;männlich;-;-;63;16;-;-;-;-;16;-;-;-;14
31.12.2003;Sachsen-Anhalt;weiblich;-;-;73;21;-;-;-;-;21;-;-;-;5
31.12.2003;Schleswig-Holstein;männlich;-;-;65;16;-;-;-;-;16;1;-;-;5
31.12.2003;Schleswig-Holstein;weiblich;-;-;55;31;-;-;-;-;31;3;-;-;8
31.12.2003;Thüringen;männlich;1;-;39;23;-;-;-;-;23;-;-;-;6
31.12.2003;Thüringen;weiblich;-;-;42;33;-;-;-;-;33;-;-;-;1
31.12.2004;Baden-Württemberg;männlich;-;-;175;137;-;-;-;-;137;-;2;-;15
31.12.2004;Baden-Württemberg;weiblich;7;-;240;225;-;-;-;-;225;1;7;-;14
31.12.2004;Bayern;männlich;1;-;341;125;-;-;-;-;125;4;-;1;25
31.12.2004;Bayern;weiblich;8;-;438;187;-;-;-;-;187;2;3;1;21
31.12.2004;Berlin;männlich;-;1;25;92;-;-;-;-;92;-;4;8;16
31.12.2004;Berlin;weiblich;2;-;47;76;-;-;-;-;76;-;6;9;13
31.12.2004;Brandenburg;männlich;-;-;52;34;-;-;-;-;34;-;-;-;5
31.12.2004;Brandenburg;weiblich;-;-;55;30;-;-;-;-;30;1;-;-;5
31.12.2004;Bremen;männlich;-;-;26;37;-;-;-;-;37;-;1;-;1
31.12.2004;Bremen;weiblich;1;-;41;28;-;-;-;-;28;-;-;-;2
31.12.2004;Hamburg;männlich;-;-;65;44;-;-;-;-;44;-;1;-;4
31.12.2004;Hamburg;weiblich;1;1;64;37;-;-;-;-;37;-;-;-;2
31.12.2004;Hessen;männlich;2;-;231;82;-;-;-;-;82;-;1;1;37
31.12.2004;Hessen;weiblich;7;-;275;178;-;-;-;-;178;-;2;2;26
31.12.2004;Mecklenburg-Vorpommern;männlich;-;-;68;11;-;-;-;-;11;-;-;-;-
31.12.2004;Mecklenburg-Vorpommern;weiblich;1;-;89;20;-;-;-;-;20;-;-;-;1
31.12.2004;Niedersachsen;männlich;-;-;204;76;-;-;-;-;76;-;2;2;14
31.12.2004;Niedersachsen;weiblich;-;-;266;98;-;-;-;-;98;-;1;2;18
31.12.2004;Nordrhein-Westfalen;männlich;-;-;606;232;-;-;-;-;232;1;11;12;40
31.12.2004;Nordrhein-Westfalen;weiblich;12;-;710;322;-;-;-;-;322;2;10;15;46
31.12.2004;Rheinland-Pfalz;männlich;-;-;162;57;-;-;-;-;57;-;-;-;12
31.12.2004;Rheinland-Pfalz;weiblich;2;-;218;88;-;-;-;-;88;-;-;-;5
31.12.2004;Saarland;männlich;-;-;31;23;-;-;-;-;23;-;-;-;11
31.12.2004;Saarland;weiblich;-;-;43;22;-;-;-;-;22;-;2;-;9
31.12.2004;Sachsen;männlich;-;-;167;53;-;-;-;-;53;-;-;2;4
31.12.2004;Sachsen;weiblich;-;-;180;56;-;-;-;-;56;-;-;1;7
31.12.2004;Sachsen-Anhalt;männlich;-;-;72;19;-;-;-;-;19;-;-;-;5
31.12.2004;Sachsen-Anhalt;weiblich;-;-;88;22;-;-;-;-;22;-;-;-;1
31.12.2004;Schleswig-Holstein;männlich;-;-;72;19;-;-;-;-;19;1;1;-;6
31.12.2004;Schleswig-Holstein;weiblich;-;-;59;33;-;-;-;-;33;3;-;-;7
31.12.2004;Thüringen;männlich;1;-;35;22;-;-;-;-;22;-;-;-;6
31.12.2004;Thüringen;weiblich;1;-;39;26;-;-;-;-;26;-;-;-;-
31.12.2005;Baden-Württemberg;männlich;-;-;193;153;1;2;-;2;148;3;1;-;14
31.12.2005;Baden-Württemberg;weiblich;7;-;277;229;2;-;-;3;224;9;3;-;18
31.12.2005;Bayern;männlich;-;-;361;131;-;1;-;-;130;6;1;-;18
31.12.2005;Bayern;weiblich;10;-;454;220;1;1;-;-;218;12;2;-;22
31.12.2005;Berlin;männlich;-;1;29;91;-;-;-;-;91;-;5;9;14
31.12.2005;Berlin;weiblich;3;-;44;95;-;-;-;-;95;-;4;5;15
31.12.2005;Brandenburg;männlich;-;-;55;33;-;-;-;-;33;-;-;-;6
31.12.2005;Brandenburg;weiblich;-;-;65;36;-;-;-;-;36;-;-;-;4
31.12.2005;Bremen;männlich;-;-;27;38;-;-;-;-;38;-;1;-;1
31.12.2005;Bremen;weiblich;1;-;40;28;-;-;-;-;28;1;-;-;2
31.12.2005;Hamburg;männlich;-;-;79;48;-;-;-;2;46;1;1;-;6
31.12.2005;Hamburg;weiblich;1;1;80;43;-;-;-;-;43;-;-;-;2
31.12.2005;Hessen;männlich;1;-;226;91;1;-;-;-;90;4;1;-;33
31.12.2005;Hessen;weiblich;6;-;271;177;-;-;-;2;175;12;3;-;25
31.12.2005;Mecklenburg-Vorpommern;männlich;-;-;78;12;-;-;-;-;12;-;-;-;-
31.12.2005;Mecklenburg-Vorpommern;weiblich;-;-;91;31;-;-;-;1;30;1;-;-;-
31.12.2005;Niedersachsen;männlich;-;-;207;77;-;-;-;-;77;4;5;-;9
31.12.2005;Niedersachsen;weiblich;-;-;256;103;-;-;-;2;101;6;4;-;18
31.12.2005;Nordrhein-Westfalen;männlich;4;-;623;233;1;1;-;-;231;5;14;13;38
31.12.2005;Nordrhein-Westfalen;weiblich;13;1;744;333;-;1;-;-;332;8;13;9;45
31.12.2005;Rheinland-Pfalz;männlich;1;-;158;56;1;-;1;-;54;1;1;-;14
31.12.2005;Rheinland-Pfalz;weiblich;2;-;210;93;-;-;-;-;93;2;-;-;9
31.12.2005;Saarland;männlich;-;-;32;31;-;-;-;-;31;-;-;-;10
31.12.2005;Saarland;weiblich;-;-;45;26;-;-;-;-;26;-;1;-;8
31.12.2005;Sachsen;männlich;-;-;161;59;-;-;-;-;59;3;2;-;4
31.12.2005;Sachsen;weiblich;-;-;173;54;-;-;-;-;54;5;1;-;5
31.12.2005;Sachsen-Anhalt;männlich;-;-;81;31;-;-;1;-;30;-;-;-;5
31.12.2005;Sachsen-Anhalt;weiblich;-;-;91;26;-;-;1;-;25;-;-;-;3
31.12.2005;Schleswig-Holstein;männlich;-;-;69;25;-;-;-;-;25;2;1;-;4
31.12.2005;Schleswig-Holstein;weiblich;1;-;65;45;-;-;-;-;45;5;-;-;6
31.12.2005;Thüringen;männlich;-;-;34;26;-;-;-;1;25;-;-;-;2
31.12.2005;Thüringen;weiblich;1;-;37;34;-;-;-;-;34;-;-;1;-
31.12.2006;Baden-Württemberg;männlich;-;-;205;139;38;11;4;64;22;8;1;-;12
31.12.2006;Baden-Württemberg;weiblich;10;-;292;234;61;18;6;119;30;6;4;-;17
31.12.2006;Bayern;männlich;-;-;350;152;43;3;4;66;36;11;1;-;19
31.12.2006;Bayern;weiblich;9;-;448;218;36;16;7;96;63;11;2;-;19
31.12.2006;Berlin;männlich;-;1;35;91;14;5;2;17;53;-;8;6;11
31.12.2006;Berlin;weiblich;2;-;44;114;22;10;4;30;48;-;4;4;14
31.12.2006;Brandenburg;männlich;-;-;52;36;4;-;4;15;13;-;-;-;7
31.12.2006;Brandenburg;weiblich;-;-;62;35;1;1;2;16;15;-;-;-;5
31.12.2006;Bremen;männlich;-;-;27;37;17;2;1;9;8;2;1;-;2
31.12.2006;Bremen;weiblich;1;-;39;32;15;1;-;13;3;2;-;-;2
31.12.2006;Hamburg;männlich;-;-;81;56;6;9;3;21;17;1;2;-;7
31.12.2006;Hamburg;weiblich;1;1;93;52;7;6;3;22;14;-;-;-;3
31.12.2006;Hessen;männlich;1;-;226;85;9;11;-;36;29;9;1;-;34
31.12.2006;Hessen;weiblich;6;-;262;194;41;19;2;89;43;17;2;1;27
31.12.2006;Mecklenburg-Vorpommern;männlich;-;-;75;11;-;2;1;6;2;-;1;-;-
31.12.2006;Mecklenburg-Vorpommern;weiblich;-;-;82;32;2;-;1;24;5;1;1;-;1
31.12.2006;Niedersachsen;männlich;-;-;203;79;17;3;1;28;30;6;3;-;7
31.12.2006;Niedersachsen;weiblich;-;-;252;103;19;10;1;46;27;11;2;-;11
31.12.2006;Nordrhein-Westfalen;männlich;2;-;628;247;41;15;4;92;95;9;18;6;46
31.12.2006;Nordrhein-Westfalen;weiblich;10;1;734;366;58;20;14;148;126;17;18;5;45
31.12.2006;Rheinland-Pfalz;männlich;-;-;156;60;15;5;-;19;21;2;-;-;8
31.12.2006;Rheinland-Pfalz;weiblich;2;-;209;95;18;3;-;34;40;-;-;-;5
31.12.2006;Saarland;männlich;-;-;31;30;3;-;-;8;19;1;-;-;9
31.12.2006;Saarland;weiblich;-;-;46;20;2;-;-;8;10;-;1;-;8
31.12.2006;Sachsen;männlich;-;-;157;56;8;3;1;26;18;2;-;-;2
31.12.2006;Sachsen;weiblich;-;-;168;55;6;3;1;26;19;6;-;-;6
31.12.2006;Sachsen-Anhalt;männlich;-;-;78;40;21;-;2;6;11;-;-;-;4
31.12.2006;Sachsen-Anhalt;weiblich;-;-;89;31;2;-;5;11;13;1;-;-;4
31.12.2006;Schleswig-Holstein;männlich;-;-;70;23;1;1;-;14;7;1;1;-;2
31.12.2006;Schleswig-Holstein;weiblich;2;-;66;42;6;5;-;18;13;7;-;1;3
31.12.2006;Thüringen;männlich;-;-;34;25;3;1;2;13;6;1;1;-;2
31.12.2006;Thüringen;weiblich;1;-;33;27;7;1;1;14;4;2;-;-;2
31.12.2007;Baden-Württemberg;männlich;1;-;236;153;40;14;19;64;16;11;1;-;13
31.12.2007;Baden-Württemberg;weiblich;10;-;327;257;57;29;18;138;15;8;3;-;14
31.12.2007;Bayern;männlich;-;-;345;170;49;13;9;78;21;19;-;-;13
31.12.2007;Bayern;weiblich;9;-;432;223;43;15;7;127;31;19;3;-;13
31.12.2007;Berlin;männlich;-;1;36;89;27;6;4;34;18;-;5;5;8
31.12.2007;Berlin;weiblich;2;-;50;132;38;10;6;58;20;-;4;5;13
31.12.2007;Brandenburg;männlich;-;-;54;33;4;-;5;20;4;-;-;-;4
31.12.2007;Brandenburg;weiblich;-;-;60;33;3;1;3;24;2;2;-;-;6
31.12.2007;Bremen;männlich;-;-;34;32;16;2;1;11;2;-;1;-;2
31.12.2007;Bremen;weiblich;1;-;44;37;14;1;-;21;1;1;-;-;4
31.12.2007;Hamburg;männlich;-;-;79;58;8;10;2;23;15;-;1;1;7
31.12.2007;Hamburg;weiblich;2;1;92;55;8;7;3;28;9;-;-;-;5
31.12.2007;Hessen;männlich;1;-;204;99;16;16;-;50;17;9;4;-;29
31.12.2007;Hessen;weiblich;6;-;250;206;38;24;3;112;29;10;5;-;22
31.12.2007;Mecklenburg-Vorpommern;männlich;-;-;72;13;-;2;1;8;2;-;-;-;-
31.12.2007;Mecklenburg-Vorpommern;weiblich;-;-;77;36;2;-;1;29;4;-;1;-;-
31.12.2007;Niedersachsen;männlich;-;-;209;80;17;5;2;44;12;7;4;-;9
31.12.2007;Niedersachsen;weiblich;1;-;258;110;19;11;3;60;17;9;4;-;10
31.12.2007;Nordrhein-Westfalen;männlich;1;-;612;256;53;21;14;110;58;14;21;3;50
31.12.2007;Nordrhein-Westfalen;weiblich;10;1;735;384;74;20;26;198;66;23;15;4;42
31.12.2007;Rheinland-Pfalz;männlich;-;-;153;62;19;4;-;28;11;3;-;-;7
31.12.2007;Rheinland-Pfalz;weiblich;3;-;199;90;16;3;1;47;23;2;-;-;3
31.12.2007;Saarland;männlich;-;-;29;37;7;-;-;10;20;-;-;-;8
31.12.2007;Saarland;weiblich;-;-;44;19;2;1;-;8;8;-;1;-;7
31.12.2007;Sachsen;männlich;-;-;155;60;10;2;3;39;6;3;-;-;2
31.12.2007;Sachsen;weiblich;-;-;168;61;10;2;2;38;9;5;1;-;8
31.12.2007;Sachsen-Anhalt;männlich;-;-;72;34;16;-;2;11;5;-;-;-;3
31.12.2007;Sachsen-Anhalt;weiblich;-;-;84;31;3;1;6;19;2;1;-;-;3
31.12.2007;Schleswig-Holstein;männlich;-;-;61;24;2;3;-;16;3;1;3;-;2
31.12.2007;Schleswig-Holstein;weiblich;1;-;63;40;7;3;1;23;6;2;3;1;4
31.12.2007;Thüringen;männlich;-;-;30;27;8;-;3;13;3;-;-;-;1
31.12.2007;Thüringen;weiblich;1;-;37;30;7;1;1;19;2;2;-;-;-
31.12.2008;Baden-Württemberg;männlich;1;-;255;156;41;19;23;60;13;13;1;-;13
31.12.2008;Baden-Württemberg;weiblich;12;-;343;257;52;25;32;135;13;10;2;-;22
31.12.2008;Bayern;männlich;-;-;348;173;47;18;8;82;18;13;-;-;16
31.12.2008;Bayern;weiblich;10;-;439;228;52;17;10;130;19;17;2;-;19
31.12.2008;Berlin;männlich;-;1;36;93;31;8;4;36;14;-;6;2;12
31.12.2008;Berlin;weiblich;2;-;51;149;40;13;8;69;19;-;2;-;18
31.12.2008;Brandenburg;männlich;-;-;53;37;6;-;5;22;4;-;-;-;3
31.12.2008;Brandenburg;weiblich;-;-;62;33;5;-;3;24;1;-;-;-;5
31.12.2008;Bremen;männlich;-;-;37;30;18;1;1;10;-;1;1;-;2
31.12.2008;Bremen;weiblich;1;-;44;36;18;-;-;17;1;1;-;-;5
31.12.2008;Hamburg;männlich;-;-;77;45;11;8;3;21;2;-;1;-;10
31.12.2008;Hamburg;weiblich;2;1;93;48;11;4;-;29;4;1;-;-;3
31.12.2008;Hessen;männlich;1;-;198;103;24;23;-;47;9;11;2;-;27
31.12.2008;Hessen;weiblich;5;-;253;188;48;15;2;107;16;16;4;-;23
31.12.2008;Mecklenburg-Vorpommern;männlich;-;-;69;13;-;2;1;9;1;-;-;-;-
31.12.2008;Mecklenburg-Vorpommern;weiblich;-;-;77;32;1;-;2;25;4;-;1;-;3
31.12.2008;Niedersachsen;männlich;-;-;201;80;18;2;3;49;8;9;3;-;6
31.12.2008;Niedersachsen;weiblich;1;-;256;100;12;8;3;71;6;9;7;-;8
31.12.2008;Nordrhein-Westfalen;männlich;1;-;608;275;62;30;20;127;36;13;17;6;34
31.12.2008;Nordrhein-Westfalen;weiblich;9;1;729;388;79;23;34;207;45;36;16;5;34
31.12.2008;Rheinland-Pfalz;männlich;-;-;148;62;21;2;-;30;9;3;-;-;3
31.12.2008;Rheinland-Pfalz;weiblich;3;-;193;85;21;4;1;44;15;6;-;-;4
31.12.2008;Saarland;männlich;-;-;29;27;5;-;-;11;11;1;-;-;6
31.12.2008;Saarland;weiblich;-;-;34;21;3;2;-;8;8;-;1;-;5
31.12.2008;Sachsen;männlich;-;-;152;71;14;3;10;39;5;1;-;-;5
31.12.2008;Sachsen;weiblich;-;-;174;65;11;5;4;39;6;2;-;-;11
31.12.2008;Sachsen-Anhalt;männlich;-;-;69;29;12;-;2;13;2;2;-;-;4
31.12.2008;Sachsen-Anhalt;weiblich;-;-;87;31;4;-;6;21;-;2;-;-;2
31.12.2008;Schleswig-Holstein;männlich;-;-;62;24;4;2;-;15;3;3;4;-;4
31.12.2008;Schleswig-Holstein;weiblich;1;-;65;43;7;6;1;26;3;3;2;1;6
31.12.2008;Thüringen;männlich;-;-;29;27;9;-;6;9;3;5;-;-;1
31.12.2008;Thüringen;weiblich;1;-;40;34;10;-;3;20;1;5;-;-;-
31.12.2009;Baden-Württemberg;männlich;1;-;278;159;40;21;24;63;11;13;1;-;13
31.12.2009;Baden-Württemberg;weiblich;13;-;369;278;64;21;33;151;9;8;4;-;13
31.12.2009;Bayern;männlich;-;-;342;177;57;22;9;77;12;19;2;1;17
31.12.2009;Bayern;weiblich;9;-;443;240;57;18;14;132;19;23;3;-;16
31.12.2009;Berlin;männlich;-;1;39;103;35;12;7;45;4;-;4;1;9
31.12.2009;Berlin;weiblich;2;-;60;159;44;11;12;77;15;-;3;-;18
31.12.2009;Brandenburg;männlich;-;-;55;38;8;1;5;23;1;1;-;-;4
31.12.2009;Brandenburg;weiblich;-;-;66;35;4;-;3;27;1;-;-;-;4
31.12.2009;Bremen;männlich;-;-;38;35;23;1;1;10;-;-;1;-;2
31.12.2009;Bremen;weiblich;1;-;46;38;19;-;-;18;1;1;-;-;2
31.12.2009;Hamburg;männlich;-;-;83;48;17;7;2;21;1;-;1;-;5
31.12.2009;Hamburg;weiblich;3;-;95;46;11;2;2;28;3;-;3;-;-
31.12.2009;Hessen;männlich;1;-;201;114;33;19;1;56;5;8;-;-;21
31.12.2009;Hessen;weiblich;6;-;261;198;55;12;3;115;13;12;1;-;17
31.12.2009;Mecklenburg-Vorpommern;männlich;-;-;70;11;1;-;1;8;1;-;-;-;-
31.12.2009;Mecklenburg-Vorpommern;weiblich;-;-;74;28;-;-;3;20;5;-;-;-;1
31.12.2009;Niedersachsen;männlich;-;-;204;86;19;2;9;51;5;8;2;-;11
31.12.2009;Niedersachsen;weiblich;2;-;264;108;14;6;7;75;6;5;1;-;6
31.12.2009;Nordrhein-Westfalen;männlich;-;-;615;249;53;22;21;119;34;14;7;5;37
31.12.2009;Nordrhein-Westfalen;weiblich;15;1;742;382;71;30;29;217;35;35;10;5;32
31.12.2009;Rheinland-Pfalz;männlich;-;-;150;63;17;4;-;35;7;6;-;-;5
31.12.2009;Rheinland-Pfalz;weiblich;3;-;201;85;25;5;1;40;14;3;-;-;6
31.12.2009;Saarland;männlich;-;-;28;21;3;-;-;10;8;1;-;-;7
31.12.2009;Saarland;weiblich;1;-;34;20;-;2;-;12;6;5;1;-;6
31.12.2009;Sachsen;männlich;-;-;148;59;7;1;10;35;6;4;-;-;3
31.12.2009;Sachsen;weiblich;-;-;178;56;9;1;7;33;6;3;-;-;6
31.12.2009;Sachsen-Anhalt;männlich;-;-;67;23;10;-;1;10;2;3;-;-;3
31.12.2009;Sachsen-Anhalt;weiblich;-;-;79;30;7;-;5;18;-;2;-;-;2
31.12.2009;Schleswig-Holstein;männlich;-;-;64;28;3;7;-;16;2;-;3;2;3
31.12.2009;Schleswig-Holstein;weiblich;1;-;66;43;11;3;2;26;1;3;1;3;4
31.12.2009;Thüringen;männlich;-;-;33;32;12;1;9;8;2;4;-;-;-
31.12.2009;Thüringen;weiblich;-;-;43;34;7;-;2;22;3;6;-;-;3
31.12.2010;Baden-Württemberg;männlich;2;-;278;163;47;19;25;62;10;12;1;-;9
31.12.2010;Baden-Württemberg;weiblich;13;-;363;267;54;23;33;148;9;12;2;-;13
31.12.2010;Bayern;männlich;-;-;319;219;98;22;9;79;11;18;2;-;15
31.12.2010;Bayern;weiblich;10;-;424;245;61;19;10;137;18;30;1;-;19
31.12.2010;Berlin;männlich;-;1;40;118;42;15;10;48;3;-;3;1;7
31.12.2010;Berlin;weiblich;3;-;81;173;55;16;11;84;7;-;-;1;16
31.12.2010;Brandenburg;männlich;-;-;52;40;9;1;5;24;1;4;-;-;3
31.12.2010;Brandenburg;weiblich;-;-;67;30;1;-;3;25;1;3;-;-;4
31.12.2010;Bremen;männlich;-;-;34;30;21;-;1;8;-;2;-;-;2
31.12.2010;Bremen;weiblich;1;-;45;30;16;-;-;14;-;2;-;-;2
31.12.2010;Hamburg;männlich;-;-;88;47;17;5;2;22;1;2;-;-;8
31.12.2010;Hamburg;weiblich;3;-;101;52;12;4;4;29;3;3;3;-;1
31.12.2010;Hessen;männlich;1;-;198;130;41;22;3;58;6;8;1;-;18
31.12.2010;Hessen;weiblich;7;-;270;192;50;20;4;105;13;15;1;-;12
31.12.2010;Mecklenburg-Vorpommern;männlich;-;-;65;12;2;-;1;8;1;-;-;-;-
31.12.2010;Mecklenburg-Vorpommern;weiblich;-;-;72;24;-;-;2;18;4;1;-;-;-
31.12.2010;Niedersachsen;männlich;-;-;203;86;13;9;10;47;7;8;-;-;11
31.12.2010;Niedersachsen;weiblich;2;-;265;96;8;6;13;63;6;4;1;-;4
31.12.2010;Nordrhein-Westfalen;männlich;-;-;609;255;54;22;27;118;34;20;10;13;32
31.12.2010;Nordrhein-Westfalen;weiblich;15;1;760;360;62;21;30;217;30;28;11;6;30
31.12.2010;Rheinland-Pfalz;männlich;1;-;146;69;22;5;-;36;6;6;-;-;2
31.12.2010;Rheinland-Pfalz;weiblich;5;-;192;80;18;4;1;45;12;6;-;-;4
31.12.2010;Saarland;männlich;-;-;27;15;1;-;-;9;5;-;1;-;6
31.12.2010;Saarland;weiblich;1;-;34;25;5;1;1;11;7;1;1;-;5
31.12.2010;Sachsen;männlich;-;-;150;57;6;2;10;33;6;4;1;-;1
31.12.2010;Sachsen;weiblich;-;-;174;57;11;1;7;33;5;11;1;-;3
31.12.2010;Sachsen-Anhalt;männlich;1;-;63;25;10;1;1;12;1;1;-;-;1
31.12.2010;Sachsen-Anhalt;weiblich;-;-;75;36;8;-;6;22;-;-;-;-;1
31.12.2010;Schleswig-Holstein;männlich;-;-;64;31;8;7;1;14;1;2;2;1;2
31.12.2010;Schleswig-Holstein;weiblich;1;-;66;49;15;5;3;25;1;3;1;2;2
31.12.2010;Thüringen;männlich;-;-;30;32;11;1;10;9;1;4;-;-;3
31.12.2010;Thüringen;weiblich;1;-;44;33;8;2;3;19;1;8;-;-;5
31.12.2011;Baden-Württemberg;männlich;2;-;282;168;53;21;25;62;7;13;1;-;22
31.12.2011;Baden-Württemberg;weiblich;13;-;389;262;49;18;36;150;9;23;2;-;18
31.12.2011;Bayern;männlich;1;-;312;218;107;17;12;71;11;24;2;1;20
31.12.2011;Bayern;weiblich;11;-;423;256;59;19;11;153;14;32;1;-;21
31.12.2011;Berlin;männlich;-;1;48;142;58;17;13;50;4;-;1;-;8
31.12.2011;Berlin;weiblich;3;-;89;173;52;16;15;85;5;-;1;-;13
31.12.2011;Brandenburg;männlich;-;-;46;42;10;1;4;26;1;5;-;-;2
31.12.2011;Brandenburg;weiblich;-;-;63;30;2;2;1;25;-;4;-;-;5
31.12.2011;Bremen;männlich;-;-;38;24;15;-;-;9;-;1;-;-;8
31.12.2011;Bremen;weiblich;1;-;43;27;12;-;-;13;2;2;-;-;3
31.12.2011;Hamburg;männlich;-;-;84;49;16;5;1;24;3;2;-;-;9
31.12.2011;Hamburg;weiblich;2;-;99;54;10;7;6;28;3;5;2;1;4
31.12.2011;Hessen;männlich;1;-;206;128;43;18;3;58;6;21;-;-;19
31.12.2011;Hessen;weiblich;8;-;279;171;51;13;5;91;11;37;-;-;16
31.12.2011;Mecklenburg-Vorpommern;männlich;-;-;59;13;4;-;1;7;1;1;-;-;-
31.12.2011;Mecklenburg-Vorpommern;weiblich;-;-;72;25;-;-;2;20;3;-;-;-;-
31.12.2011;Niedersachsen;männlich;-;-;201;83;17;5;7;47;7;9;-;-;12
31.12.2011;Niedersachsen;weiblich;3;-;269;99;12;7;13;61;6;9;-;-;4
31.12.2011;Nordrhein-Westfalen;männlich;-;-;611;244;56;18;30;114;26;46;11;17;40
31.12.2011;Nordrhein-Westfalen;weiblich;16;1;755;334;57;16;36;193;32;52;10;10;31
31.12.2011;Rheinland-Pfalz;männlich;2;-;145;67;28;-;-;32;7;6;1;-;4
31.12.2011;Rheinland-Pfalz;weiblich;5;-;189;70;12;3;1;42;12;8;2;-;7
31.12.2011;Saarland;männlich;-;-;28;18;7;-;-;6;5;1;-;-;3
31.12.2011;Saarland;weiblich;1;-;34;20;2;-;1;10;7;3;1;-;5
31.12.2011;Sachsen;männlich;-;-;147;60;9;5;9;32;5;7;-;-;5
31.12.2011;Sachsen;weiblich;-;-;180;62;10;2;7;38;5;8;-;-;4
31.12.2011;Sachsen-Anhalt;männlich;1;-;58;27;10;2;2;13;-;3;-;-;1
31.12.2011;Sachsen-Anhalt;weiblich;-;-;71;34;6;-;6;22;-;2;-;-;1
31.12.2011;Schleswig-Holstein;männlich;-;-;65;33;10;5;1;15;2;3;2;1;1
31.12.2011;Schleswig-Holstein;weiblich;2;-;68;51;17;5;5;22;2;6;2;2;-
31.12.2011;Thüringen;männlich;-;-;29;38;13;2;10;11;2;5;-;-;3
31.12.2011;Thüringen;weiblich;-;-;46;31;7;2;5;16;1;9;2;-;6
31.12.2012;Baden-Württemberg;männlich;3;-;272;159;50;14;24;66;5;17;-;-;19
31.12.2012;Baden-Württemberg;weiblich;13;-;397;257;51;20;35;146;5;17;2;-;19
31.12.2012;Bayern;männlich;2;-;305;213;103;15;11;75;9;28;2;1;23
31.12.2012;Bayern;weiblich;11;-;415;248;60;19;9;149;11;35;1;-;19
31.12.2012;Berlin;männlich;-;1;54;127;50;16;15;43;3;-;2;-;7
31.12.2012;Berlin;weiblich;3;-;91;166;47;16;15;84;4;1;1;-;12
31.12.2012;Brandenburg;männlich;-;-;48;43;9;2;3;28;1;2;-;-;3
31.12.2012;Brandenburg;weiblich;-;-;64;34;2;1;4;27;-;4;1;-;4
31.12.2012;Bremen;männlich;-;-;33;24;13;1;-;10;-;2;-;-;7
31.12.2012;Bremen;weiblich;1;-;42;27;11;1;-;15;-;-;-;-;4
31.12.2012;Hamburg;männlich;-;-;80;48;18;4;2;23;1;2;2;-;5
31.12.2012;Hamburg;weiblich;1;-;88;64;10;8;7;38;1;7;2;-;1
31.12.2012;Hessen;männlich;1;-;199;136;45;20;3;63;5;18;-;-;25
31.12.2012;Hessen;weiblich;10;-;279;167;48;14;7;91;7;17;-;-;20
31.12.2012;Mecklenburg-Vorpommern;männlich;-;-;52;12;2;2;1;6;1;1;1;-;-
31.12.2012;Mecklenburg-Vorpommern;weiblich;-;-;59;25;1;-;4;18;2;-;2;-;1
31.12.2012;Niedersachsen;männlich;-;-;190;81;23;4;7;42;5;10;-;-;11
31.12.2012;Niedersachsen;weiblich;3;-;270;86;8;9;12;54;3;14;-;-;4
31.12.2012;Nordrhein-Westfalen;männlich;2;-;598;223;62;14;29;96;22;42;14;18;46
31.12.2012;Nordrhein-Westfalen;weiblich;18;1;743;323;49;24;42;180;28;53;16;17;36
31.12.2012;Rheinland-Pfalz;männlich;2;-;140;63;24;3;-;28;8;9;1;-;9
31.12.2012;Rheinland-Pfalz;weiblich;4;-;184;73;16;3;2;43;9;10;2;-;6
31.12.2012;Saarland;männlich;-;-;27;15;4;-;-;6;5;-;-;-;2
31.12.2012;Saarland;weiblich;2;-;31;22;4;-;1;11;6;-;-;-;3
31.12.2012;Sachsen;männlich;-;-;139;65;17;2;10;32;4;9;-;-;5
31.12.2012;Sachsen;weiblich;-;-;175;66;8;5;10;39;4;10;-;-;4
31.12.2012;Sachsen-Anhalt;männlich;1;-;59;31;14;4;2;11;-;2;-;-;-
31.12.2012;Sachsen-Anhalt;weiblich;-;-;70;35;4;1;5;25;-;1;-;-;1
31.12.2012;Schleswig-Holstein;männlich;-;-;54;22;6;4;1;10;1;-;2;1;3
31.12.2012;Schleswig-Holstein;weiblich;3;-;69;41;9;6;5;20;1;6;1;3;1
31.12.2012;Thüringen;männlich;-;-;29;31;10;2;11;8;-;6;-;-;1
31.12.2012;Thüringen;weiblich;1;-;41;32;8;-;5;18;1;7;-;-;3
31.12.2013;Baden-Württemberg;männlich;1;-;273;150;51;9;23;62;5;18;-;-;15
31.12.2013;Baden-Württemberg;weiblich;18;-;398;244;45;19;36;138;6;21;3;-;15
31.12.2013;Bayern;männlich;3;-;305;195;96;10;10;68;11;29;2;-;26
31.12.2013;Bayern;weiblich;8;-;430;214;53;11;9;135;6;40;1;-;32
31.12.2013;Berlin;männlich;-;1;57;112;36;16;14;44;2;1;1;-;11
31.12.2013;Berlin;weiblich;4;-;92;166;43;20;14;87;2;1;3;-;15
31.12.2013;Brandenburg;männlich;-;-;45;41;7;1;4;28;1;1;-;-;6
31.12.2013;Brandenburg;weiblich;-;-;64;29;1;-;5;23;-;4;-;-;5
31.12.2013;Bremen;männlich;-;-;32;21;10;3;-;7;1;3;5;-;3
31.12.2013;Bremen;weiblich;-;-;43;28;11;-;-;17;-;1;1;-;3
31.12.2013;Hamburg;männlich;-;-;76;53;23;4;2;23;1;2;2;-;8
31.12.2013;Hamburg;weiblich;2;-;84;61;12;4;6;38;1;4;2;-;2
31.12.2013;Hessen;männlich;-;-;200;124;45;14;3;59;3;17;1;-;22
31.12.2013;Hessen;weiblich;8;-;273;158;34;15;8;96;5;23;-;-;19
31.12.2013;Mecklenburg-Vorpommern;männlich;-;-;50;11;3;2;1;4;1;1;1;-;-
31.12.2013;Mecklenburg-Vorpommern;weiblich;-;-;55;24;1;-;4;17;2;-;2;-;1
31.12.2013;Niedersachsen;männlich;-;-;189;75;24;3;7;36;5;7;-;-;6
31.12.2013;Niedersachsen;weiblich;3;-;249;82;4;6;10;59;3;11;-;-;11
31.12.2013;Nordrhein-Westfalen;männlich;1;-;582;246;77;17;38;94;20;27;10;22;42
31.12.2013;Nordrhein-Westfalen;weiblich;22;-;741;326;49;23;51;183;20;42;16;21;38
31.12.2013;Rheinland-Pfalz;männlich;2;-;139;63;30;2;-;25;6;5;-;-;3
31.12.2013;Rheinland-Pfalz;weiblich;5;-;180;69;15;3;2;39;10;7;-;-;4
31.12.2013;Saarland;männlich;-;-;28;14;7;-;-;5;2;2;-;-;2
31.12.2013;Saarland;weiblich;2;-;36;24;7;-;-;12;5;1;-;-;2
31.12.2013;Sachsen;männlich;-;-;136;70;18;4;11;35;2;6;1;1;7
31.12.2013;Sachsen;weiblich;1;-;175;63;6;2;7;45;3;7;-;-;7
31.12.2013;Sachsen-Anhalt;männlich;1;-;58;27;14;3;1;9;-;2;-;-;1
31.12.2013;Sachsen-Anhalt;weiblich;-;-;64;29;4;1;5;19;-;2;-;-;-
31.12.2013;Schleswig-Holstein;männlich;-;-;51;24;8;3;3;9;1;1;1;-;2
31.12.2013;Schleswig-Holstein;weiblich;3;-;67;40;8;4;8;19;1;6;-;-;4
31.12.2013;Thüringen;männlich;-;-;27;32;13;1;10;6;2;4;-;-;1
31.12.2013;Thüringen;weiblich;1;-;37;31;9;-;5;16;1;10;1;1;7
31.12.2014;Baden-Württemberg;männlich;1;-;264;155;59;14;19;57;6;17;-;-;19
31.12.2014;Baden-Württemberg;weiblich;17;-;402;227;45;19;30;129;4;8;2;-;21
31.12.2014;Bayern;männlich;5;-;300;177;83;19;7;58;10;38;2;-;36
31.12.2014;Bayern;weiblich;10;-;427;217;54;17;8;131;7;39;2;-;31
31.12.2014;Berlin;männlich;-;1;58;103;35;15;13;39;1;6;1;1;11
31.12.2014;Berlin;weiblich;4;-;100;158;46;18;14;76;4;4;3;-;13
31.12.2014;Brandenburg;männlich;-;-;42;31;5;2;2;21;1;-;-;-;4
31.12.2014;Brandenburg;weiblich;-;-;53;26;-;1;4;20;1;-;-;-;4
31.12.2014;Bremen;männlich;-;-;31;21;9;3;-;8;1;7;4;-;4
31.12.2014;Bremen;weiblich;-;-;42;26;10;-;-;16;-;3;1;-;1
31.12.2014;Hamburg;männlich;-;-;71;53;24;5;2;21;1;4;2;-;4
31.12.2014;Hamburg;weiblich;2;-;77;49;10;2;6;30;1;9;2;-;2
31.12.2014;Hessen;männlich;-;-;190;104;31;13;3;53;4;19;3;-;24
31.12.2014;Hessen;weiblich;10;-;271;149;29;17;7;88;8;20;-;1;16
31.12.2014;Mecklenburg-Vorpommern;männlich;-;-;46;8;2;1;1;3;1;1;-;-;-
31.12.2014;Mecklenburg-Vorpommern;weiblich;-;-;51;23;1;-;3;17;2;1;-;-;2
31.12.2014;Niedersachsen;männlich;-;-;189;63;16;5;7;31;4;11;-;-;11
31.12.2014;Niedersachsen;weiblich;6;-;239;72;8;3;8;50;3;14;-;-;9
31.12.2014;Nordrhein-Westfalen;männlich;1;-;582;226;72;14;32;90;18;18;15;14;43
31.12.2014;Nordrhein-Westfalen;weiblich;21;-;744;305;43;23;43;178;18;34;19;18;37
31.12.2014;Rheinland-Pfalz;männlich;2;-;128;54;23;5;-;21;5;6;-;-;5
31.12.2014;Rheinland-Pfalz;weiblich;4;-;162;70;17;4;2;39;8;9;-;-;9
31.12.2014;Saarland;männlich;-;-;27;14;6;1;-;5;2;1;-;-;2
31.12.2014;Saarland;weiblich;2;-;38;28;10;-;1;13;4;-;-;-;2
31.12.2014;Sachsen;männlich;1;-;135;56;13;3;10;28;2;11;1;1;4
31.12.2014;Sachsen;weiblich;1;-;168;60;9;-;8;40;3;5;-;-;6
31.12.2014;Sachsen-Anhalt;männlich;-;-;51;29;16;3;1;9;-;1;-;-;2
31.12.2014;Sachsen-Anhalt;weiblich;-;-;62;28;5;-;4;18;1;1;-;-;1
31.12.2014;Schleswig-Holstein;männlich;-;-;43;25;8;4;3;9;1;4;1;-;4
31.12.2014;Schleswig-Holstein;weiblich;3;-;54;42;7;4;8;21;2;4;2;-;3
31.12.2014;Thüringen;männlich;-;-;28;27;10;2;8;5;2;5;-;-;-
31.12.2014;Thüringen;weiblich;2;-;36;35;13;1;4;15;2;10;2;-;4
31.12.2015;Baden-Württemberg;männlich;1;-;261;170;59;26;17;58;10;11;1;-;14
31.12.2015;Baden-Württemberg;weiblich;20;-;406;242;55;14;29;140;4;9;2;-;16
31.12.2015;Bayern;männlich;5;-;292;190;89;24;12;56;9;44;2;-;39
31.12.2015;Bayern;weiblich;9;-;421;228;56;15;10;139;8;45;3;-;35
31.12.2015;Berlin;männlich;1;1;60;109;39;15;15;38;2;7;2;1;8
31.12.2015;Berlin;weiblich;5;-;104;148;47;14;9;75;3;3;3;-;16
31.12.2015;Brandenburg;männlich;-;-;44;26;6;1;1;18;-;2;-;-;6
31.12.2015;Brandenburg;weiblich;-;-;51;27;-;2;4;19;2;1;-;-;4
31.12.2015;Bremen;männlich;-;-;29;30;13;4;-;11;2;3;-;-;2
31.12.2015;Bremen;weiblich;-;-;41;27;9;2;-;15;1;-;-;-;-
31.12.2015;Hamburg;männlich;-;-;70;50;24;5;4;15;2;3;2;-;4
31.12.2015;Hamburg;weiblich;2;-;72;54;13;1;7;31;2;5;2;-;3
31.12.2015;Hessen;männlich;1;-;193;115;35;18;1;58;3;19;2;-;19
31.12.2015;Hessen;weiblich;11;-;268;141;26;14;6;90;5;25;1;1;27
31.12.2015;Mecklenburg-Vorpommern;männlich;-;-;40;9;1;1;1;5;1;-;-;-;2
31.12.2015;Mecklenburg-Vorpommern;weiblich;-;-;47;23;-;-;2;18;3;1;-;-;2
31.12.2015;Niedersachsen;männlich;-;-;178;79;27;9;4;35;4;10;1;-;5
31.12.2015;Niedersachsen;weiblich;5;-;231;89;6;6;6;69;2;15;-;-;10
31.12.2015;Nordrhein-Westfalen;männlich;1;-;557;216;60;13;37;93;13;19;15;12;50
31.12.2015;Nordrhein-Westfalen;weiblich;21;-;719;306;35;30;48;174;19;23;16;21;42
31.12.2015;Rheinland-Pfalz;männlich;2;-;115;57;22;8;-;25;2;7;-;-;1
31.12.2015;Rheinland-Pfalz;weiblich;4;-;148;72;15;4;2;42;9;4;-;-;4
31.12.2015;Saarland;männlich;-;-;27;14;4;4;-;5;1;1;-;-;2
31.12.2015;Saarland;weiblich;2;-;43;27;7;2;1;13;4;1;-;-;4
31.12.2015;Sachsen;männlich;1;-;118;56;10;4;8;28;6;4;1;1;6
31.12.2015;Sachsen;weiblich;1;-;154;59;9;-;8;40;2;8;-;-;5
31.12.2015;Sachsen-Anhalt;männlich;-;-;51;25;14;1;1;9;-;1;-;-;-
31.12.2015;Sachsen-Anhalt;weiblich;-;-;58;32;7;2;5;18;-;1;-;-;3
31.12.2015;Schleswig-Holstein;männlich;-;-;44;27;8;7;4;7;1;4;-;1;2
31.12.2015;Schleswig-Holstein;weiblich;3;-;56;40;8;3;12;15;2;3;-;-;3
31.12.2015;Thüringen;männlich;-;-;27;24;6;5;7;5;1;2;-;-;4
31.12.2015;Thüringen;weiblich;2;-;37;37;11;2;7;15;2;2;1;-;5
31.12.2016;Baden-Württemberg;männlich;-;-;265;175;50;35;15;65;5;10;-;-;30
31.12.2016;Baden-Württemberg;weiblich;20;-;420;235;50;20;25;135;5;15;-;-;25
31.12.2016;Bayern;männlich;5;-;295;210;95;25;10;70;10;50;-;-;50
31.12.2016;Bayern;weiblich;15;-;410;225;45;15;15;145;5;55;5;-;35
31.12.2016;Berlin;männlich;-;-;70;115;40;15;15;45;5;10;-;-;15
31.12.2016;Berlin;weiblich;5;-;105;160;40;20;10;85;5;5;-;-;20
31.12.2016;Brandenburg;männlich;-;-;45;30;10;-;-;15;-;-;-;-;5
31.12.2016;Brandenburg;weiblich;-;-;50;25;-;-;5;20;-;-;-;-;5
31.12.2016;Bremen;männlich;-;-;30;30;10;5;-;10;-;5;-;-;-
31.12.2016;Bremen;weiblich;-;-;40;25;10;-;-;15;-;-;-;-;-
31.12.2016;Hamburg;männlich;-;-;55;50;25;5;5;10;5;5;-;-;5
31.12.2016;Hamburg;weiblich;5;-;70;55;10;5;10;30;-;5;-;-;5
31.12.2016;Hessen;männlich;-;-;195;110;35;25;-;50;-;20;-;-;25
31.12.2016;Hessen;weiblich;10;-;270;155;30;20;5;95;5;25;-;-;25
31.12.2016;Mecklenburg-Vorpommern;männlich;-;-;40;10;-;-;-;5;-;-;-;-;5
31.12.2016;Mecklenburg-Vorpommern;weiblich;-;-;40;20;-;-;-;15;5;-;-;-;5
31.12.2016;Niedersachsen;männlich;-;-;175;80;20;15;5;35;5;10;-;-;10
31.12.2016;Niedersachsen;weiblich;5;-;235;85;10;-;5;65;5;20;-;-;15
31.12.2016;Nordrhein-Westfalen;männlich;5;-;520;230;60;20;45;95;10;25;15;50;50
31.12.2016;Nordrhein-Westfalen;weiblich;25;-;700;295;40;25;45;165;20;25;15;55;40
31.12.2016;Rheinland-Pfalz;männlich;-;-;100;55;25;5;-;25;-;10;-;-;5
31.12.2016;Rheinland-Pfalz;weiblich;5;-;135;65;15;5;5;35;10;5;-;-;5
31.12.2016;Saarland;männlich;-;-;25;15;5;-;-;5;-;-;-;-;5
31.12.2016;Saarland;weiblich;-;-;45;25;10;-;-;15;-;-;-;-;-
31.12.2016;Sachsen;männlich;-;-;105;50;10;5;10;25;-;10;-;-;10
31.12.2016;Sachsen;weiblich;-;-;150;45;5;-;5;35;-;10;-;-;5
31.12.2016;Sachsen-Anhalt;männlich;-;-;55;20;10;-;-;10;-;-;-;-;5
31.12.2016;Sachsen-Anhalt;weiblich;-;-;55;35;5;-;5;20;-;-;-;-;5
31.12.2016;Schleswig-Holstein;männlich;-;-;45;25;10;5;5;10;-;-;-;-;-
31.12.2016;Schleswig-Holstein;weiblich;5;-;55;35;5;5;10;15;-;5;-;-;-
31.12.2016;Thüringen;männlich;-;-;30;30;10;5;5;5;-;-;-;-;5
31.12.2016;Thüringen;weiblich;-;-;35;30;5;-;5;20;-;5;-;-;5
31.12.2017;Baden-Württemberg;männlich;-;-;260;165;55;25;15;60;10;20;-;-;35
31.12.2017;Baden-Württemberg;weiblich;20;-;390;230;45;20;25;135;-;20;-;-;35
31.12.2017;Bayern;männlich;5;-;290;230;105;30;10;75;5;50;-;-;45
31.12.2017;Bayern;weiblich;15;-;405;260;50;25;15;160;5;55;5;-;40
31.12.2017;Berlin;männlich;5;-;70;130;40;30;10;50;-;-;-;-;15
31.12.2017;Berlin;weiblich;5;-;110;160;35;20;5;90;5;5;-;-;15
31.12.2017;Brandenburg;männlich;-;-;45;30;10;5;-;15;-;-;-;-;5
31.12.2017;Brandenburg;weiblich;-;-;50;25;-;-;5;20;-;-;-;-;10
31.12.2017;Bremen;männlich;-;-;30;20;5;5;-;10;-;-;-;-;5
31.12.2017;Bremen;weiblich;-;-;40;25;10;-;-;15;-;-;-;-;-
31.12.2017;Hamburg;männlich;-;-;55;45;20;5;5;10;5;5;-;-;5
31.12.2017;Hamburg;weiblich;5;-;70;50;10;5;15;25;-;10;-;-;-
31.12.2017;Hessen;männlich;-;-;185;120;40;30;-;50;-;20;5;-;25
31.12.2017;Hessen;weiblich;10;-;280;155;40;20;5;85;5;20;-;-;25
31.12.2017;Mecklenburg-Vorpommern;männlich;-;-;40;10;-;-;-;5;-;-;-;-;5
31.12.2017;Mecklenburg-Vorpommern;weiblich;-;-;40;20;-;-;-;15;5;-;-;-;5
31.12.2017;Niedersachsen;männlich;-;-;170;70;25;10;-;35;-;15;-;-;15
31.12.2017;Niedersachsen;weiblich;5;-;225;75;10;5;5;60;-;20;-;5;10
31.12.2017;Nordrhein-Westfalen;männlich;-;-;505;240;60;25;45;100;15;25;15;60;60
31.12.2017;Nordrhein-Westfalen;weiblich;25;-;680;295;40;20;50;165;20;35;15;60;40
31.12.2017;Rheinland-Pfalz;männlich;-;-;100;55;20;10;-;25;-;10;-;-;5
31.12.2017;Rheinland-Pfalz;weiblich;5;-;135;65;10;5;5;35;10;5;-;-;5
31.12.2017;Saarland;männlich;-;-;20;15;5;5;-;5;-;5;-;-;-
31.12.2017;Saarland;weiblich;-;-;45;20;5;-;-;10;-;-;-;-;5
31.12.2017;Sachsen;männlich;-;-;105;55;15;5;5;25;5;10;-;-;10
31.12.2017;Sachsen;weiblich;-;-;150;45;10;-;5;30;-;5;-;-;5
31.12.2017;Sachsen-Anhalt;männlich;-;-;45;25;10;5;-;10;-;5;-;-;-
31.12.2017;Sachsen-Anhalt;weiblich;-;-;55;25;5;-;5;15;-;-;-;-;5
31.12.2017;Schleswig-Holstein;männlich;-;-;45;30;10;5;5;10;-;5;-;-;-
31.12.2017;Schleswig-Holstein;weiblich;-;-;60;40;5;10;10;10;5;5;-;-;5
31.12.2017;Thüringen;männlich;-;-;30;25;10;5;5;5;-;5;-;-;5
31.12.2017;Thüringen;weiblich;-;-;35;30;-;-;5;20;-;5;-;-;5
31.12.2018;Baden-Württemberg;männlich;-;-;250;170;55;30;15;60;10;15;-;-;40
31.12.2018;Baden-Württemberg;weiblich;20;-;395;235;45;25;20;140;-;15;-;-;35
31.12.2018;Bayern;männlich;5;-;295;240;110;40;10;70;5;60;5;-;55
31.12.2018;Bayern;weiblich;20;-;405;260;50;35;15;150;10;65;-;-;45
31.12.2018;Berlin;männlich;5;-;70;140;40;30;15;50;5;-;-;-;15
31.12.2018;Berlin;weiblich;10;-;115;170;35;25;5;95;5;-;-;-;20
31.12.2018;Brandenburg;männlich;-;-;40;35;10;10;-;15;-;-;-;-;5
31.12.2018;Brandenburg;weiblich;-;-;50;30;5;-;5;25;-;-;-;-;10
31.12.2018;Bremen;männlich;-;-;30;30;10;5;-;10;-;-;-;-;-
31.12.2018;Bremen;weiblich;-;-;40;25;5;5;-;15;-;-;-;-;-
31.12.2018;Hamburg;männlich;-;-;55;50;30;5;5;10;-;5;-;-;5
31.12.2018;Hamburg;weiblich;5;-;70;55;10;5;15;20;-;5;-;-;-
31.12.2018;Hessen;männlich;-;-;185;120;35;25;-;55;-;25;5;-;35
31.12.2018;Hessen;weiblich;10;-;270;160;35;25;5;85;10;30;-;5;30
31.12.2018;Mecklenburg-Vorpommern;männlich;-;-;35;10;-;-;-;5;-;-;-;-;5
31.12.2018;Mecklenburg-Vorpommern;weiblich;-;-;40;15;-;-;-;10;-;5;-;-;-
31.12.2018;Niedersachsen;männlich;-;-;175;90;30;15;5;35;-;10;-;-;15
31.12.2018;Niedersachsen;weiblich;5;-;215;115;20;15;5;70;5;10;-;-;15
31.12.2018;Nordrhein-Westfalen;männlich;-;-;490;260;75;25;45;105;10;40;25;35;65
31.12.2018;Nordrhein-Westfalen;weiblich;25;-;660;290;35;25;50;160;20;30;30;50;45
31.12.2018;Rheinland-Pfalz;männlich;-;-;105;55;20;10;-;20;-;5;-;-;15
31.12.2018;Rheinland-Pfalz;weiblich;10;-;130;70;10;10;5;40;10;5;-;-;10
31.12.2018;Saarland;männlich;-;-;25;15;5;5;-;5;-;-;-;-;-
31.12.2018;Saarland;weiblich;-;-;40;15;5;-;-;5;-;-;-;-;-
31.12.2018;Sachsen;männlich;-;-;105;55;15;5;10;20;5;10;-;-;10
31.12.2018;Sachsen;weiblich;-;-;145;45;10;-;5;30;-;10;-;-;10
31.12.2018;Sachsen-Anhalt;männlich;-;-;45;35;15;5;-;10;-;-;-;-;15
31.12.2018;Sachsen-Anhalt;weiblich;-;-;50;30;5;5;5;20;-;-;-;-;5
31.12.2018;Schleswig-Holstein;männlich;-;-;45;35;10;5;5;10;-;5;-;-;-
31.12.2018;Schleswig-Holstein;weiblich;5;-;55;35;10;5;10;10;5;5;-;-;5
31.12.2018;Thüringen;männlich;-;-;30;35;20;5;5;5;-;5;-;-;5
31.12.2018;Thüringen;weiblich;-;-;40;30;-;-;5;20;-;5;-;-;5
31.12.2019;Baden-Württemberg;männlich;-;-;245;200;60;45;15;75;10;10;-;-;45
31.12.2019;Baden-Württemberg;weiblich;20;-;395;240;45;20;25;145;-;20;-;-;40
31.12.2019;Bayern;männlich;5;-;305;255;125;50;10;65;5;80;5;-;80
31.12.2019;Bayern;weiblich;20;-;410;290;70;35;15;160;10;75;5;-;55
31.12.2019;Berlin;männlich;-;-;80;150;50;30;20;50;5;5;-;-;10
31.12.2019;Berlin;weiblich;5;-;110;175;40;30;10;90;5;10;-;-;15
31.12.2019;Brandenburg;männlich;-;-;45;30;10;5;-;10;-;5;-;-;10
31.12.2019;Brandenburg;weiblich;-;-;50;35;5;-;5;25;-;5;-;-;5
31.12.2019;Bremen;männlich;-;-;30;35;15;5;5;10;-;-;-;-;5
31.12.2019;Bremen;weiblich;-;-;40;25;5;5;-;10;-;5;-;-;-
31.12.2019;Hamburg;männlich;-;-;55;55;30;10;5;10;-;10;-;-;5
31.12.2019;Hamburg;weiblich;5;-;65;55;15;10;10;20;-;5;-;-;-
31.12.2019;Hessen;männlich;-;-;195;130;50;30;5;45;-;25;5;-;45
31.12.2019;Hessen;weiblich;10;-;280;165;45;20;10;80;5;25;5;-;30
31.12.2019;Mecklenburg-Vorpommern;männlich;-;-;35;5;-;-;-;5;-;-;-;-;5
31.12.2019;Mecklenburg-Vorpommern;weiblich;-;-;40;15;-;-;-;10;-;5;-;-;-
31.12.2019;Niedersachsen;männlich;-;-;180;95;35;20;5;40;-;15;-;-;25
31.12.2019;Niedersachsen;weiblich;5;-;220;105;20;10;5;65;5;20;-;-;15
31.12.2019;Nordrhein-Westfalen;männlich;-;-;485;270;85;30;50;95;10;35;30;40;60
31.12.2019;Nordrhein-Westfalen;weiblich;30;-;650;305;45;25;70;150;15;50;40;45;35
31.12.2019;Rheinland-Pfalz;männlich;-;-;105;50;25;5;-;20;-;5;-;-;15
31.12.2019;Rheinland-Pfalz;weiblich;10;-;135;75;10;5;-;50;10;5;-;-;15
31.12.2019;Saarland;männlich;-;-;25;10;-;-;-;5;-;-;-;-;-
31.12.2019;Saarland;weiblich;-;-;40;15;-;5;-;5;-;-;-;-;5
31.12.2019;Sachsen;männlich;5;-;100;45;15;5;10;15;-;15;-;-;15
31.12.2019;Sachsen;weiblich;-;-;140;50;10;5;5;30;-;20;-;-;10
31.12.2019;Sachsen-Anhalt;männlich;-;-;40;50;25;10;-;10;5;5;-;-;20
31.12.2019;Sachsen-Anhalt;weiblich;-;-;50;35;5;5;5;20;-;-;-;-;15
31.12.2019;Schleswig-Holstein;männlich;-;-;40;35;10;5;5;10;-;10;-;-;5
31.12.2019;Schleswig-Holstein;weiblich;-;-;50;40;5;5;10;15;-;-;-;-;5
31.12.2019;Thüringen;männlich;-;-;30;35;15;5;5;5;-;5;-;-;10
31.12.2019;Thüringen;weiblich;-;-;35;25;-;5;5;20;-;5;-;-;5
31.12.2020;Baden-Württemberg;männlich;-;-;245;200;75;35;15;70;10;35;-;-;25
31.12.2020;Baden-Württemberg;weiblich;20;-;390;240;40;25;25;145;-;40;-;-;10
31.12.2020;Bayern;männlich;5;-;310;260;115;55;10;75;5;105;5;-;80
31.12.2020;Bayern;weiblich;15;-;415;290;65;25;15;175;10;100;5;-;50
31.12.2020;Berlin;männlich;-;-;95;145;55;30;20;45;5;10;-;-;10
31.12.2020;Berlin;weiblich;5;-;120;175;45;25;10;90;5;15;5;-;20
31.12.2020;Brandenburg;männlich;-;-;45;30;10;5;-;10;-;5;-;-;10
31.12.2020;Brandenburg;weiblich;-;-;55;35;10;-;5;25;-;5;-;-;10
31.12.2020;Bremen;männlich;-;-;25;40;10;10;5;15;-;-;-;-;5
31.12.2020;Bremen;weiblich;-;-;40;35;10;5;-;20;-;-;-;-;-
31.12.2020;Hamburg;männlich;-;-;55;55;30;15;5;5;-;10;-;-;10
31.12.2020;Hamburg;weiblich;5;-;65;50;15;5;5;25;-;15;-;-;5
31.12.2020;Hessen;männlich;-;-;195;140;45;40;5;50;5;45;5;-;25
31.12.2020;Hessen;weiblich;10;-;285;165;40;20;10;90;5;35;5;-;25
31.12.2020;Mecklenburg-Vorpommern;männlich;-;-;30;10;5;5;-;5;-;-;-;-;5
31.12.2020;Mecklenburg-Vorpommern;weiblich;-;-;40;15;-;-;-;10;-;-;-;-;5
31.12.2020;Niedersachsen;männlich;-;-;180;105;40;25;5;35;-;20;-;-;15
31.12.2020;Niedersachsen;weiblich;5;-;210;120;30;5;5;75;5;15;-;-;15
31.12.2020;Nordrhein-Westfalen;männlich;-;-;470;245;80;25;45;85;10;55;30;30;65
31.12.2020;Nordrhein-Westfalen;weiblich;25;-;640;305;50;15;70;155;15;50;45;30;45
31.12.2020;Rheinland-Pfalz;männlich;-;-;105;40;20;5;-;15;-;5;-;-;15
31.12.2020;Rheinland-Pfalz;weiblich;10;-;130;70;10;5;-;45;10;15;-;-;10
31.12.2020;Saarland;männlich;-;-;25;10;5;-;-;5;-;5;-;-;-
31.12.2020;Saarland;weiblich;-;-;35;15;-;5;-;5;-;-;-;-;5
31.12.2020;Sachsen;männlich;5;-;100;50;15;10;10;15;-;20;-;-;10
31.12.2020;Sachsen;weiblich;-;-;135;55;10;5;5;30;-;15;-;-;5
31.12.2020;Sachsen-Anhalt;männlich;-;-;40;55;35;10;-;10;5;10;-;-;35
31.12.2020;Sachsen-Anhalt;weiblich;-;-;45;40;10;-;5;25;-;10;-;-;5
31.12.2020;Schleswig-Holstein;männlich;-;-;40;30;5;5;5;10;-;10;-;-;5
31.12.2020;Schleswig-Holstein;weiblich;-;-;55;40;5;10;5;15;-;10;-;-;5
31.12.2020;Thüringen;männlich;-;-;30;25;10;5;5;5;-;15;-;-;5
31.12.2020;Thüringen;weiblich;-;-;35;25;5;-;5;15;-;10;-;-;5
31.12.2021;Baden-Württemberg;männlich;-;-;245;205;75;40;10;70;10;25;5;-;35
31.12.2021;Baden-Württemberg;weiblich;20;-;390;255;40;35;25;155;-;30;-;-;20
31.12.2021;Bayern;männlich;5;-;320;330;140;70;10;105;5;100;5;-;105
31.12.2021;Bayern;weiblich;20;-;430;320;70;35;15;190;10;110;10;-;80
31.12.2021;Berlin;männlich;-;-;100;170;65;40;15;50;5;10;-;-;20
31.12.2021;Berlin;weiblich;5;-;140;180;50;25;10;90;5;15;5;-;20
31.12.2021;Brandenburg;männlich;-;-;40;35;10;15;-;10;-;5;-;-;40
31.12.2021;Brandenburg;weiblich;-;-;60;40;5;5;5;25;-;5;-;-;15
31.12.2021;Bremen;männlich;-;-;30;40;10;5;-;20;-;-;-;-;5
31.12.2021;Bremen;weiblich;-;-;45;35;10;5;-;20;-;5;-;-;-
31.12.2021;Hamburg;männlich;-;-;55;50;25;10;-;10;-;15;-;-;10
31.12.2021;Hamburg;weiblich;-;-;65;45;10;5;5;25;-;20;-;-;-
31.12.2021;Hessen;männlich;-;-;205;145;50;30;5;60;-;40;5;-;40
31.12.2021;Hessen;weiblich;10;-;285;180;50;15;10;100;5;30;5;-;25
31.12.2021;Mecklenburg-Vorpommern;männlich;-;-;30;10;-;-;-;5;-;5;-;-;10
31.12.2021;Mecklenburg-Vorpommern;weiblich;-;-;40;15;-;-;-;10;-;5;-;-;5
31.12.2021;Niedersachsen;männlich;-;-;175;100;40;20;5;35;-;25;-;-;40
31.12.2021;Niedersachsen;weiblich;10;-;210;125;30;10;5;75;5;20;-;-;20
31.12.2021;Nordrhein-Westfalen;männlich;-;-;465;265;85;30;50;80;20;60;40;20;80
31.12.2021;Nordrhein-Westfalen;weiblich;25;-;645;295;45;15;80;140;20;65;50;20;50
31.12.2021;Rheinland-Pfalz;männlich;-;-;110;40;15;5;-;15;-;10;-;-;15
31.12.2021;Rheinland-Pfalz;weiblich;5;-;135;80;10;5;-;50;10;5;-;-;10
31.12.2021;Saarland;männlich;-;-;20;15;-;-;-;10;-;5;-;-;5
31.12.2021;Saarland;weiblich;-;-;40;15;5;-;-;5;-;5;-;-;-
31.12.2021;Sachsen;männlich;5;-;100;55;20;15;5;15;-;10;-;-;40
31.12.2021;Sachsen;weiblich;-;-;130;60;15;5;5;30;-;15;-;-;10
31.12.2021;Sachsen-Anhalt;männlich;-;-;40;85;60;15;-;10;5;15;-;-;30
31.12.2021;Sachsen-Anhalt;weiblich;-;-;45;45;5;10;5;25;-;5;-;-;5
31.12.2021;Schleswig-Holstein;männlich;-;-;45;30;10;5;-;10;-;20;-;-;10
31.12.2021;Schleswig-Holstein;weiblich;-;-;55;35;10;5;5;15;5;15;-;-;10
31.12.2021;Thüringen;männlich;-;-;30;25;10;5;5;5;-;10;-;-;5
31.12.2021;Thüringen;weiblich;-;-;35;30;5;5;5;15;-;10;-;-;5
31.12.2022;Baden-Württemberg;männlich;-;-;245;220;60;45;40;70;5;75;-;-;110
31.12.2022;Baden-Württemberg;weiblich;20;-;390;270;40;30;30;170;5;55;-;-;45
31.12.2022;Bayern;männlich;5;-;330;440;160;105;40;125;10;125;10;5;160
31.12.2022;Bayern;weiblich;20;-;430;385;65;55;35;225;5;130;10;5;85
31.12.2022;Berlin;männlich;-;-;105;215;80;45;35;55;5;20;-;5;45
31.12.2022;Berlin;weiblich;5;-;140;210;45;35;20;105;5;15;5;5;30
31.12.2022;Brandenburg;männlich;-;-;45;65;25;20;5;15;-;10;-;-;75
31.12.2022;Brandenburg;weiblich;-;-;60;55;10;5;5;35;-;5;-;-;15
31.12.2022;Bremen;männlich;-;-;30;45;15;5;5;20;-;-;-;5;15
31.12.2022;Bremen;weiblich;-;-;45;40;5;5;5;30;-;-;-;-;5
31.12.2022;Hamburg;männlich;-;-;60;75;30;10;25;10;-;15;-;-;15
31.12.2022;Hamburg;weiblich;5;-;65;65;10;5;20;30;-;20;-;-;5
31.12.2022;Hessen;männlich;-;-;205;175;55;35;20;60;-;65;-;-;70
31.12.2022;Hessen;weiblich;5;-;265;200;55;25;10;110;5;50;-;-;35
31.12.2022;Mecklenburg-Vorpommern;männlich;-;-;30;15;5;-;5;5;-;10;-;-;25
31.12.2022;Mecklenburg-Vorpommern;weiblich;-;-;40;20;-;-;10;15;-;5;-;-;5
31.12.2022;Niedersachsen;männlich;-;-;170;170;60;35;25;50;-;50;-;-;55
31.12.2022;Niedersachsen;weiblich;10;-;210;150;30;15;20;80;10;35;-;-;25
31.12.2022;Nordrhein-Westfalen;männlich;-;-;445;395;100;60;145;80;10;105;45;75;160
31.12.2022;Nordrhein-Westfalen;weiblich;30;-;610;370;50;25;125;150;20;100;55;30;75
31.12.2022;Rheinland-Pfalz;männlich;-;-;115;45;10;10;5;20;-;15;-;-;30
31.12.2022;Rheinland-Pfalz;weiblich;5;-;140;85;15;5;10;55;5;15;-;-;10
31.12.2022;Saarland;männlich;-;-;20;20;5;-;-;10;-;10;-;-;10
31.12.2022;Saarland;weiblich;-;-;35;20;5;5;5;5;-;10;-;-;-
31.12.2022;Sachsen;männlich;5;-;100;75;30;15;20;10;5;35;-;-;70
31.12.2022;Sachsen;weiblich;-;-;125;75;20;5;10;30;-;30;-;-;15
31.12.2022;Sachsen-Anhalt;männlich;-;-;35;115;70;25;5;15;-;35;-;-;65
31.12.2022;Sachsen-Anhalt;weiblich;-;-;45;45;10;5;5;30;-;10;-;-;5
31.12.2022;Schleswig-Holstein;männlich;-;-;45;80;20;10;35;15;-;25;-;-;30
31.12.2022;Schleswig-Holstein;weiblich;-;-;55;85;10;10;45;15;-;15;-;5;15
31.12.2022;Thüringen;männlich;-;-;25;45;20;10;15;5;-;15;-;-;15
31.12.2022;Thüringen;weiblich;-;-;30;40;5;5;10;20;-;5;-;-;10
31.12.2023;Baden-Württemberg;männlich;-;-;250;285;55;110;40;70;5;80;-;-;155
31.12.2023;Baden-Württemberg;weiblich;20;-;400;285;40;30;40;165;5;70;5;-;70
31.12.2023;Bayern;männlich;5;-;350;525;180;135;55;150;10;140;10;-;210
31.12.2023;Bayern;weiblich;20;-;420;480;75;70;45;285;5;130;5;-;110
31.12.2023;Berlin;männlich;-;-;105;245;95;55;35;60;5;25;-;-;40
31.12.2023;Berlin;weiblich;5;-;155;220;40;40;20;110;5;15;5;-;30
31.12.2023;Brandenburg;männlich;-;-;50;95;30;30;5;25;-;15;-;-;50
31.12.2023;Brandenburg;weiblich;-;-;60;70;10;5;5;45;-;5;-;-;15
31.12.2023;Bremen;männlich;-;-;35;60;20;10;10;20;-;5;-;-;5
31.12.2023;Bremen;weiblich;-;-;45;50;10;5;-;30;-;5;-;-;5
31.12.2023;Hamburg;männlich;-;-;60;80;25;15;30;10;-;15;5;-;15
31.12.2023;Hamburg;weiblich;-;-;65;75;15;15;20;25;-;25;-;-;5
31.12.2023;Hessen;männlich;-;-;210;230;75;55;35;70;-;45;-;-;85
31.12.2023;Hessen;weiblich;10;-;265;230;60;25;15;125;10;60;-;-;40
31.12.2023;Mecklenburg-Vorpommern;männlich;-;-;30;25;10;5;10;-;-;15;5;-;15
31.12.2023;Mecklenburg-Vorpommern;weiblich;-;-;40;20;-;-;10;10;-;10;5;-;10
31.12.2023;Niedersachsen;männlich;-;-;175;215;65;60;35;50;5;40;-;-;85
31.12.2023;Niedersachsen;weiblich;5;-;210;180;35;15;25;95;10;35;-;-;20
31.12.2023;Nordrhein-Westfalen;männlich;5;-;440;450;115;80;160;85;15;105;50;70;190
31.12.2023;Nordrhein-Westfalen;weiblich;25;-;595;415;55;30;140;155;35;115;35;55;75
31.12.2023;Rheinland-Pfalz;männlich;-;-;115;55;10;10;10;25;-;15;-;-;30
31.12.2023;Rheinland-Pfalz;weiblich;5;-;140;90;15;5;15;50;5;10;-;-;15
31.12.2023;Saarland;männlich;-;-;20;25;5;5;-;10;-;5;-;5;5
31.12.2023;Saarland;weiblich;-;-;35;25;5;-;5;10;-;-;-;-;5
31.12.2023;Sachsen;männlich;5;-;95;110;45;20;20;15;5;35;-;-;45
31.12.2023;Sachsen;weiblich;5;-;125;80;25;5;15;30;-;30;-;-;10
31.12.2023;Sachsen-Anhalt;männlich;-;-;35;160;90;50;5;15;-;30;-;-;45
31.12.2023;Sachsen-Anhalt;weiblich;-;-;45;50;10;5;5;25;-;10;-;-;15
31.12.2023;Schleswig-Holstein;männlich;-;-;45;90;15;25;35;10;-;20;-;-;35
31.12.2023;Schleswig-Holstein;weiblich;-;-;55;90;10;5;55;20;-;10;-;-;10
31.12.2023;Thüringen;männlich;-;-;25;75;40;10;15;5;-;20;-;-;40
31.12.2023;Thüringen;weiblich;-;-;30;45;10;10;10;20;-;10;-;-;15
31.12.2024;Baden-Württemberg;männlich;5;-;250;370;70;170;40;85;10;85;-;-;165
31.12.2024;Baden-Württemberg;weiblich;15;-;375;350;35;70;40;200;5;75;5;-;60
31.12.2024;Bayern;männlich;5;-;340;675;220;205;55;175;20;175;10;-;245
31.12.2024;Bayern;weiblich;15;-;410;590;90;85;45;365;5;150;5;-;140
31.12.2024;Berlin;männlich;-;-;110;260;95;55;35;65;5;30;-;-;40
31.12.2024;Berlin;weiblich;5;-;150;225;50;35;25;110;5;30;5;-;35
31.12.2024;Brandenburg;männlich;-;-;50;140;40;55;5;35;5;25;-;-;40
31.12.2024;Brandenburg;weiblich;-;-;60;100;10;30;5;55;-;25;-;-;20
31.12.2024;Bremen;männlich;-;-;35;60;25;5;10;20;-;5;-;-;5
31.12.2024;Bremen;weiblich;-;-;40;50;10;5;5;35;-;5;-;-;5
31.12.2024;Hamburg;männlich;-;-;40;90;30;20;25;10;5;40;5;-;20
31.12.2024;Hamburg;weiblich;-;-;30;90;15;15;20;35;5;55;5;-;5
31.12.2024;Hessen;männlich;-;-;195;235;75;65;30;65;5;75;-;-;110
31.12.2024;Hessen;weiblich;5;-;250;260;75;30;15;135;5;55;-;-;45
31.12.2024;Mecklenburg-Vorpommern;männlich;-;-;25;45;5;25;5;5;-;15;-;-;40
31.12.2024;Mecklenburg-Vorpommern;weiblich;-;-;35;25;5;-;10;10;-;10;-;-;5
31.12.2024;Niedersachsen;männlich;-;-;170;290;75;120;30;65;5;55;-;-;170
31.12.2024;Niedersachsen;weiblich;5;-;195;220;30;35;20;125;10;40;-;-;65
31.12.2024;Nordrhein-Westfalen;männlich;5;-;415;515;130;110;165;90;20;155;50;75;180
31.12.2024;Nordrhein-Westfalen;weiblich;25;-;565;450;65;40;140;180;25;110;45;50;80
31.12.2024;Rheinland-Pfalz;männlich;-;-;95;85;15;30;10;25;5;25;-;-;40
31.12.2024;Rheinland-Pfalz;weiblich;5;-;125;95;10;5;15;60;5;20;-;-;15
31.12.2024;Saarland;männlich;-;-;20;25;10;5;-;10;-;5;-;-;5
31.12.2024;Saarland;weiblich;-;-;35;20;5;-;5;10;-;5;-;-;5
31.12.2024;Sachsen;männlich;5;-;95;125;50;30;20;15;5;35;5;-;50
31.12.2024;Sachsen;weiblich;5;-;115;100;35;10;15;40;-;15;5;-;15
31.12.2024;Sachsen-Anhalt;männlich;-;-;35;200;85;80;5;30;-;30;-;-;75
31.12.2024;Sachsen-Anhalt;weiblich;-;-;40;80;5;5;5;60;-;10;-;-;15
31.12.2024;Schleswig-Holstein;männlich;-;-;40;110;15;40;40;15;-;30;-;-;40
31.12.2024;Schleswig-Holstein;weiblich;-;-;50;90;10;5;45;25;-;10;-;-;20
31.12.2024;Thüringen;männlich;-;-;25;120;60;35;15;10;-;20;-;-;40
31.12.2024;Thüringen;weiblich;-;-;30;65;10;15;10;30;-;10;-;-;15
;;;;;;;;;;;;;;;
